Idx,Name,Email,IC,PhoneNum,Hire Date,Birth Date
1,Jane Doe,Jane.Doe@businessinc.net,S8969262K,(65)-21823796,15/05/2009,27/06/1989
2,David Lee,David.Lee@logistics.co,S3514555Q,(16)-84060907,17/07/1998,25/04/1978
3,Grace Harris,Grace.Harris@webservices.org,S6927635J,(14)-36148976,26/09/1993,25/06/1949
4,Frank Adams,Frank.Adams@techcorp.com,S4088991C,(38)-53036472,04/11/2011,21/08/1988
5,Grace Adams,Grace.Adams@consultingfirm.net,S3937143E,(91)-69642399,18/07/1987,14/03/1945
6,Bob White,Bob.White@logistics.co,S7560890P,(63)-64030251,19/09/1974,11/10/1953
7,Eve White,Eve.White@innovatech.io,S4979627Y,(71)-36412130,18/03/1999,20/03/1978
8,David Johnson,David.Johnson@innovatech.io,S2983119P,(65)-21823796,26/12/1983,08/06/1941
9,David Doe,David.Doe@softwaredev.com,S7210174Q,(79)-48871242,09/08/1992,23/03/1963
10,Eve Harris,Eve.Harris@consultingfirm.net,S4320769I,(71)-38126625,27/02/1973,23/09/1953
11,Eve Harris,Eve.Harris@webservices.org,S8109652A,(95)-71517878,01/04/1990,20/02/1959
12,John Green,John.Green@webservices.org,S9388492D,(69)-63056538,19/05/1996,30/10/1943
13,Carol Lee,Carol.Lee@logistics.co,S9480051Z,(86)-58944538,14/02/1979,02/07/1956
14,Grace Doe,Grace.Doe@businessinc.net,S3797455T,(36)-31316243,06/08/1997,15/10/1943
15,Bob Adams,Bob.Adams@healthcareplus.org,S1135748N,(19)-38307507,04/09/1970,30/05/1941
16,Frank Smith,Frank.Smith@businessinc.net,S9397397S,(90)-87071339,08/12/2017,22/07/1993
17,John Lee,John.Lee@webservices.org,S0887180O,(91)-20216620,22/09/1974,28/05/1955
18,Henry Brown,Henry.Brown@marketplace.biz,S2530869X,(78)-42169084,12/08/1977,01/08/1940
19,Eve Black,Eve.Black@marketplace.biz,S1938160Y,(79)-75298970,04/08/1976,07/02/1957
20,Carol Brown,Carol.Brown@logistics.co,S6152464A,(83)-97899915,04/02/1992,15/10/1943
21,Bob Doe,Bob.Doe@innovatech.io,S5290862F,(46)-48518137,31/08/1968,29/04/1948
22,Grace Lee,Grace.Lee@logistics.co,S1533924X,(20)-92081655,24/06/1996,01/08/1969
23,John Doe,John.Doe@techcorp.com,S4895911Q,(46)-86670554,22/12/1999,20/12/1980
24,Grace Black,Grace.Black@healthcareplus.org,S7986041O,(47)-52162796,29/05/1965,30/07/1941
25,David Harris,David.Harris@businessinc.net,S1483959T,(52)-89846820,07/12/2022,02/12/1997
26,Carol Adams,Carol.Adams@innovatech.io,S1995236L,(79)-59058400,02/04/2018,23/10/1999
27,Grace Harris,Grace.Harris@softwaredev.com,S3444905J,(90)-71853758,09/04/1999,26/10/1950
28,Grace Smith,Grace.Smith@consultingfirm.net,S8067509Z,(76)-09732483,05/11/1986,06/06/1943
29,Alice Adams,Alice.Adams@logistics.co,S6396208U,(62)-02635597,21/07/1988,11/08/1958
30,David Harris,David.Harris@logistics.co,S9566430J,(98)-26834058,28/01/1986,10/04/1965
31,Henry Smith,Henry.Smith@innovatech.io,S3203154J,(50)-07288702,17/04/1983,17/01/1941
32,Jane White,Jane.White@marketplace.biz,S6849084R,(18)-51897720,15/01/1983,19/01/1952
33,Frank Black,Frank.Black@marketplace.biz,S9836059V,(71)-92184721,10/10/1971,11/08/1940
34,Carol Johnson,Carol.Johnson@innovatech.io,S6127297L,(37)-64885453,29/03/2008,11/12/1986
35,Eve Green,Eve.Green@financesolutions.com,S8213311D,(47)-54335585,26/08/1999,21/11/1974
36,Alice Green,Alice.Green@softwaredev.com,S0391518M,(37)-52775277,02/01/1973,18/07/1949
37,Grace Doe,Grace.Doe@financesolutions.com,S9718696Y,(87)-59331763,08/08/2012,08/06/1988
38,Alice Green,Alice.Green@webservices.org,S2986151R,(28)-77483826,14/09/1998,02/07/1978
39,David Harris,David.Harris@financesolutions.com,S5633302K,(62)-02635597,14/08/1999,10/05/1980
40,Alice Brown,Alice.Brown@healthcareplus.org,S8448459N,(79)-61961424,21/09/1992,04/08/1942
41,Alice Johnson,Alice.Johnson@softwaredev.com,S7499835A,(64)-75737091,07/07/1989,26/11/1964
42,Frank Adams,Frank.Adams@logistics.co,S2069634P,(16)-43235132,10/10/2021,13/12/1993
43,Alice Adams,Alice.Adams@techcorp.com,S2482213H,(71)-44635105,02/09/1978,22/04/1946
44,Frank Lee,Frank.Lee@logistics.co,S5458346N,(96)-79376329,09/09/1997,26/06/1976
45,Eve Green,Eve.Green@marketplace.biz,S7122646K,(98)-61635233,26/09/2023,13/12/1994
46,Frank Brown,Frank.Brown@financesolutions.com,S7942015H,(80)-52958321,06/01/1999,24/12/1954
47,Grace Adams,Grace.Adams@financesolutions.com,S9052068Z,(47)-79438755,06/09/2016,28/06/1992
48,Alice Smith,Alice.Smith@consultingfirm.net,S3573648K,(37)-83078493,09/08/1992,20/03/1951
49,Henry Brown,Henry.Brown@financesolutions.com,S5650377O,(16)-41371959,18/01/1967,28/10/1942
50,John Green,John.Green@businessinc.net,S9319148D,(79)-14000730,27/06/2002,06/11/1982
51,Eve Johnson,Eve.Johnson@financesolutions.com,S0364576P,(63)-56829632,05/01/2017,15/07/1991
52,Bob Green,Bob.Green@businessinc.net,S2874054R,(35)-25198873,19/01/1997,25/08/1945
53,Jane Green,Jane.Green@consultingfirm.net,S6569278P,(23)-52970929,27/10/1973,20/05/1954
54,Jane Smith,Jane.Smith@webservices.org,S9634345E,(16)-22647904,02/06/1993,06/10/1973
55,Frank Lee,Frank.Lee@techcorp.com,S9701457W,(30)-98688581,05/02/1987,11/10/1953
56,David Doe,David.Doe@financesolutions.com,S6573386G,(50)-07288702,17/09/1997,02/01/1978
57,Frank Smith,Frank.Smith@healthcareplus.org,S1482281Q,(18)-08951521,12/02/1997,21/10/1947
58,Dawn Lee,TestEmail@apa-zi.com,S3333333R,(38)-13681368,23/08/2008,29/02/1988
59,Frank Green,Frank.Green@apa-zi-apa-zi.com,S1111111Q,(18)-08951521,01/01/2018,01/01/1998
